.NET	NNB
10월	NNB
11월	NNB
12월	NNB
1급	NNB
1월	NNB
2.0	NNB
20	NNB
2010	NNB
2011	NNB
2012	NNB
2013	NNB
2014	NNB
2015	NNB
2016	NNB
2017	NNB
2018	NNB
2019	NNB
2022	NNB
2023	NNB
2024	NNB
2025	NNB
2010년	NNB
2011년	NNB
2012년	NNB
2013년	NNB
2014년	NNB
2015년	NNB
2016년	NNB
2017년	NNB
2018년	NNB
2019년	NNB
2022년	NNB
2023년	NNB
2024년	NNB
2025년	NNB
2D	NNB
2급	NNB
2월	NNB
3.0	NNB
3D	NNB
3ds	NNB
3ds MAX	NNB
3dsmax	NNB
3월	NNB
4R6	NNB
4월	NNB
5월	NNB
6월	NNB
7+	NNB
7월	NNB
8월	NNB
9월	NNB
A/B	NNB
ADsP	NNB
AI	NNB
AIP	NNB
API	NNB
AR	NNB
ASP	NNB
ASP.NET	NNB
ASP.NET Core	NNB
ATOM	NNB
AWS	NNB
AZ-900	NNB
Action	NNB
Add-on	NNB
Addressable	NNB
Addressable Asset System	NNB
Admin	NNB
Advanced	NNB
Airbnb	NNB
Ajax	NNB
Alteryx	NNB
Amazon	NNB
Amplitude	NNB
Anaconda	NNB
Android	NNB
Angular	NNB
AngularJS	NNB
Animation	NNB
Ansible	NNB
Apache Spark	NNB
Apollo	NNB
App	NNB
Application	NNB
Apps	NNB
ArchUnit	NNB
Architect	NNB
Arduino	NNB
Associate	NNB
Auth	NNB
AutoKeras	NNB
AutoLayout	NNB
Azure	NNB
BBC	NNB
BERT	NNB
BI	NNB
BM분석	NNB
Babel	NNB
Backpropagation	NNB
Bandit	NNB
Bash	NNB
Basic	NNB
Batch	NNB
Beautifulsoup	NNB
Big data	NNB
Blazor	NNB
Blender	NNB
Blog	NNB
Blueprints	NNB
Boot	NNB
Bootsrap	NNB
Bootstrap	NNB
Bootstrap 5	NNB
C	NNB
C#	NNB
C++	NNB
CAD	NNB
CAN	NNB
CANoe	NNB
CCNA	NNB
CD	NNB
CDN	NNB
CI	NNB
CISO	NNB
CI환경	NNB
CKA	NNB
CKAD	NNB
CKS	NNB
CNN	NNB
CORE	NNB
COS	NNB
CRUD	NNB
CS	NNB
CSS	NNB
CSS3	NNB
CSV	NNB
CUDA	NNB
CentOS	NNB
CentOS7	NNB
Certified	NNB
Channels	NNB
Cheat Engine	NNB
CheatSheet	NNB
Chess	NNB
Chrome	NNB
Chrome DevTools	NNB
Cisco	NNB
ClassDiagram	NNB
Clicker	NNB
Clock	NNB
Cloud	NNB
Cocos	NNB
Cocos Creator	NNB
Code	NNB
Colab	NNB
Command-Line	NNB
Compose	NNB
Computer	NNB
Concurrency	NNB
Connect	NNB
Controller	NNB
Convolutional	NNB
Core	NNB
Core API	NNB
Coroutines	NNB
CosPro	NNB
Course	NNB
Creator	NNB
CubeMX	NNB
C언어	NNB
D.P.	NNB
D.P.2	NNB
D3.js	NNB
DApp	NNB
DB	NNB
DBA	NNB
DBMS	NNB
DDR	NNB
DE	NNB
DENO	NNB
DIMICTF	NNB
DL	NNB
DS	NNB
DT	NNB
dapp	NNB
Dapp	NNB
DappProject	NNB
DappProject2	NNB
Dart	NNB
Data Science	NNB
DataScience	NNB
Deep	NNB
Deno	NNB
Detect	NNB
Detection	NNB
DevOps	NNB
Developer	NNB
Development	NNB
DirectX	NNB
Django	NNB
Do	NNB
Docker	NNB
Domain	NNB
EDA	NNB
EF Core	NNB
ELK	NNB
ELK 스택	NNB
EOS	NNB
EOSJS	NNB
ERC20	NNB
ERD	NNB
ES6	NNB
ES6+	NNB
ESLint	NNB
ESXi	NNB
ETL	NNB
Earn	NNB
Editor	NNB
ElasticSearch	NNB
Elasticsearch	NNB
Electron	NNB
Engineer	NNB
Entity	NNB
Entry	NNB
Essential	NNB
Ethereum	NNB
Excel	NNB
Excel Power Pivot	NNB
Excel PowerQuery	NNB
Expert	NNB
Express	NNB
FE	NNB
FFT	NNB
FLEX	NNB
FPGA	NNB
Fair	NNB
FastAPI	NNB
Fig	NNB
Figma	NNB
Firebase	NNB
Flask	NNB
Flex	NNB
Flume	NNB
Flutter	NNB
Folium	NNB
Forensic	NNB
Forms	NNB
Framework	NNB
FreeRTOS	NNB
Frida	NNB
Fundamental	NNB
Fundamentals	NNB
GA4	NNB
GAME	NNB
GAN	NNB
GCD	NNB
GCP	NNB
GIS	NNB
GO	NNB
GPU	NNB
GRID	NNB
GUI	NNB
Game	NNB
GameplayKit	NNB
Gatsby	NNB
Generation	NNB
Git	NNB
GitHub	NNB
Github	NNB
Go	NNB
GoF	NNB
GoRouter	NNB
Google	NNB
Google Analytics	NNB
Google Apps Script	NNB
Google Cloud Platform	NNB
Google Datastudio	NNB
Google Sheets	NNB
GraalVM	NNB
GraphQL	NNB
Grasshopper	NNB
Guide	NNB
HAL	NNB
HDL	NNB
HTML	NNB
HTML5	NNB
HTTP	NNB
HW	NNB
Hadoop	NNB
Hands	NNB
Hat	NNB
Headless	NNB
HeidiSQL	NNB
Helm	NNB
Hook	NNB
Http	NNB
Hyper-V	NNB
IBM	NNB
IDA	NNB
IDEA	NNB
IMDB	NNB
IONIC	NNB
IPC	NNB
IPFS	NNB
ISMS-P	NNB
IT	NNB
ITQ	NNB
Image	NNB
Immutability	NNB
In-App-Purchase	NNB
Inflearn	NNB
Information	NNB
Infrastructure	NNB
Injection	NNB
IntelliJ	NNB
IntelliJ IDEA	NNB
InteractiveWeb	NNB
Intermediate	NNB
Internal	NNB
IoT	NNB
Ionic	NNB
JAVA	NNB
JAVASCRIPT	NNB
JEB	NNB
JETPACK	NNB
JPA	NNB
JQUERY	NNB
JS	NNB
JSP	NNB
JUnit	NNB
JWT	NNB
Java	NNB
JavaFX	NNB
JavaScript	NNB
Javascript	NNB
Jekyll	NNB
Jenkins	NNB
Jest	NNB
Jetbrains	NNB
Jetpack	NNB
KOSDAQ	NNB
KOSPI	NNB
Kafka	NNB
Kaggle	NNB
Keras	NNB
Kibana	NNB
Klaytn	NNB
Korean	NNB
Kotlin	NNB
Kubernetes	NNB
LaTeX	NNB
Lambda	NNB
Landing	NNB
LeNet	NNB
Learning	NNB
Lena	NNB
Library	NNB
Linux	NNB
Logstash	NNB
Lottery	NNB
Lottie	NNB
Lua	NNB
M.B.I.T	NNB
MATLAB	NNB
MAXST	NNB
MAYA	NNB
MCU	NNB
MD	NNB
MERN	NNB
ML	NNB
MLFlow	NNB
MMO	NNB
MMORPG	NNB
MQTT	NNB
MS	NNB
MS-Office	NNB
MSA	NNB
MSSQL	NNB
MVC	NNB
MVC 5	NNB
MVVM	NNB
MachineLearning	NNB
MariaDB	NNB
Marmoset Toolbag	NNB
Matplotlib	NNB
Maui	NNB
Max	NNB
Maya	NNB
Memory	NNB
Metasploit	NNB
MicroBlaze	NNB
Microcosm	NNB
Micronaut	NNB
Microservice	NNB
Microsoft	NNB
Microsoft Windows	NNB
Mining	NNB
Mito	NNB
MobX	NNB
Mockito	NNB
Model	NNB
Modeling	NNB
Modern	NNB
MongoDB	NNB
Mongoose	NNB
Monolith	NNB
MySQL	NNB
mysql	NNB
NET	NNB
NFT	NNB
NGUI	NNB
NLP	NNB
Name	NNB
NarP	NNB
Native	NNB
Nebula	NNB
NestJS	NNB
Network	NNB
Networking	NNB
Neural	NNB
Next.js	NNB
NextJS	NNB
No-code	NNB
NoSQL	NNB
Node.js	NNB
NodeBird	NNB
NodeJS	NNB
Nodebird	NNB
Nodejs	NNB
Notion	NNB
NumPy	NNB
Nuxt.js	NNB
OAuth	NNB
OAuth2	NNB
ORACLE SQL	NNB
ORM	NNB
Object	NNB
Objective-C	NNB
Official	NNB
OpenCV	NNB
OpenGL	NNB
Operation	NNB
Optuna	NNB
Oracle	NNB
Oracle SQL	NNB
Orange	NNB
Orange3	NNB
Original	NNB
OverTheWire	NNB
Overview	NNB
P2E	NNB
PDF	NNB
PHP	NNB
PHP 7+	NNB
PHP 8	NNB
PL	NNB
PL/SQL	NNB
PM	NNB
POJO	NNB
PWA	NNB
PWM	NNB
PYTHON	NNB
Pandas	NNB
Passport.js	NNB
Photoshop	NNB
Pinterest	NNB
Pipeline	NNB
Play	NNB
Plotly	NNB
Porting	NNB
PostgreSQL	NNB
Power	NNB
Power BI	NNB
PowerApps	NNB
PowerPoint	NNB
PowerShell	NNB
Powershell	NNB
Practitioner	NNB
Pro	NNB
Process	NNB
Process Mining	NNB
Professional	NNB
Programmer	NNB
Programming	NNB
Prometheus	NNB
Protection	NNB
Puppeteer	NNB
PyGame	NNB
PyQT	NNB
PyTorch	NNB
Pygame	NNB
Python	NNB
Pythonista	NNB
Pytorch	NNB
QGIS	NNB
QML	NNB
Qt	NNB
Qt 6	NNB
Quasar	NNB
Querydsl	NNB
R	NNB
RDBMS	NNB
REST	NNB
REST API	NNB
RESTful	NNB
RNN	NNB
RPA	NNB
RPG	NNB
RR	NNB
Raspberry Pi	NNB
React	NNB
React Native	NNB
React.js	NNB
Reactive Programming	NNB
Reactive Streams	NNB
ReactiveX	NNB
Red	NNB
Red Hat	NNB
Redux	NNB
Reinforcement	NNB
Rhino	NNB
Roblox	NNB
Rollup	NNB
Rooting	NNB
Ruby	NNB
Ruby on Rails	NNB
RxJS	NNB
RxJava	NNB
R릴레오	NNB
SASS	NNB
SCSS	NNB
SDK	NNB
SNG	NNB
SNS	NNB
SPA	NNB
SPSS	NNB
SQL	NNB
SQLD	NNB
SQLite	NNB
SSAS	NNB
SSIS	NNB
SSL	NNB
STACK	NNB
STM32	NNB
STM32F4	NNB
SVG	NNB
SW	NNB
Sass	NNB
SciPy	NNB
Scikit-Learn	NNB
Scrapy	NNB
Scratch	NNB
Script	NNB
Seaborn	NNB
Security	NNB
Selenium	NNB
Sequelize	NNB
Series	NNB
Server	NNB
Service	NNB
Services	NNB
Session	NNB
Shell	NNB
Shell Script	NNB
Shiny	NNB
Slack	NNB
Smart Contract	NNB
Softr	NNB
Solidity	NNB
Solutions	NNB
SonarQube	NNB
Sortable	NNB
Specialty	NNB
Splunk	NNB
Spotfire	NNB
Spring	NNB
Spring Batch	NNB
Spring Boot	NNB
Spring Cloud	NNB
Spring Security	NNB
SpringBoot	NNB
SpriteKit	NNB
SquareCTF	NNB
Stable Diffusion	NNB
Stack	NNB
Starter	NNB
StoreKit	NNB
Strangler	NNB
Svelte	NNB
Svelte.js	NNB
Swift	NNB
Swift 5	NNB
Swift3	NNB
SwiftUI	NNB
System	NNB
T-SQL	NNB
T1	NNB
T4	NNB
TDD	NNB
TEXTOM	NNB
TIBCO	NNB
TPC	NNB
TTA	NNB
Tableau	NNB
Teachable Machine	NNB
Technique	NNB
Template	NNB
TensorFlow	NNB
TensorFlow.js	NNB
Tensorflow	NNB
Terraform	NNB
Testcontainers	NNB
Text	NNB
Three.js	NNB
Transformation	NNB
Transformer	NNB
Travis CI	NNB
TrueSTUDIO	NNB
Truffle	NNB
Tutorial	NNB
Tutorials	NNB
TypeORM	NNB
TypeScript	NNB
Typescript	NNB
U-Net	NNB
UDS	NNB
UE Blueprint	NNB
UE5	NNB
UI	NNB
UIKit	NNB
UIkit	NNB
UML	NNB
UWP	NNB
UX	NNB
Uncharted	NNB
Unity	NNB
Unity ML-Agents	NNB
Unreal Engine	NNB
VBA	NNB
VFX	NNB
VR	NNB
VS Code	NNB
VSCode	NNB
Vagrant	NNB
Verilog	NNB
Verilog HDL	NNB
Vim	NNB
Visio	NNB
Vision	NNB
Vision Transformer	NNB
Visual Studio Code	NNB
Vue	NNB
Vue-Router	NNB
Vue.JS	NNB
Vue.js	NNB
VueJS	NNB
Vuejs	NNB
Vuetify	NNB
Vuex	NNB
WEB	NNB
WEB2	NNB
WIN	NNB
WPF	NNB
WWDC	NNB
Web	NNB
Web API	NNB
Web2	NNB
Web4	NNB
WebApp	NNB
WebGoat	NNB
Webpack	NNB
Website	NNB
Weka	NNB
Windows	NNB
Windows Server	NNB
WooCommerce	NNB
Wordpress	NNB
XD	NNB
XML	NNB
XSS	NNB
Xamarin	NNB
XlsxWriter	NNB
YOLO	NNB
ZBrush	NNB
Zbrush	NNB
ZooKeeper	NNB
android	NNB
animation	NNB
anime	NNB
app	NNB
async	NNB
attack	NNB
awk	NNB
beautifulsoup	NNB
blog	NNB
bruteforce	NNB
class	NNB
core	NNB
dApp	NNB
data	NNB
django-channels	NNB
eBay	NNB
expo	NNB
find	NNB
flask	NNB
flex	NNB
forensic	NNB
fullPage	NNB
ggplot2	NNB
git	NNB
grep	NNB
grid	NNB
Grid	NNB
iOS	NNB
iOS Autolayout	NNB
iOS10	NNB
iOS12	NNB
iOS14	NNB
ionic	NNB
ionic6	NNB
it	NNB
jQuery	NNB
javafx	NNB
javascript	NNB
keyword	NNB
kotlin	NNB
malware	NNB
memory	NNB
mongoDB	NNB
mongodb	NNB
node express	NNB
nodejs	NNB
pandas	NNB
pwm	NNB
pyautogui	NNB
renew ver.	NNB
reversing	NNB
science	NNB
sed	NNB
setTimeout	NNB
shiny	NNB
source	NNB
stm32	NNB
swift5	NNB
sync	NNB
tensorflow	NNB
to	NNB
tree	NNB
truffle	NNB
vSphere Hypervisor	NNB
verilog	NNB
vue.js	NNB
webflow	NNB
weka	NNB
window	NNB
xlsxwriter	NNB
가격	NNB
가공	NNB
가상	NNB
가상자산거래소	NNB
가상컴퓨터	NNB
가상화	NNB
가속기	NNB
가이드	NNB
감성분석	NNB
감정	NNB
강의	NNB
강좌	NNB
강화학습	NNB
개념	NNB
개론	NNB
개발	NNB
개발 도구	NNB
개발자	NNB
개선	NNB
개선제안서	NNB
개인정보	NNB
개인정보보호	NNB
개정	NNB
객체인식	NNB
객체지향	NNB
거래	NNB
검	NNB
검색	NNB
검출	NNB
게시판	NNB
게임	NNB
게임 개발	NNB
게임 기획	NNB
게임 서버	NNB
게임 아트	NNB
게임 엔진	NNB
게임 프로그래밍	NNB
게임개발	NNB
게임기획	NNB
게임밸런스	NNB
게임수학	NNB
게임스킬	NNB
게임학개론	NNB
경영노하우	NNB
계산기앱	NNB
고객여정분석	NNB
고급	NNB
고급편	NNB
고스톱	NNB
공격	NNB
공공	NNB
공공 데이터	NNB
공공데이터	NNB
관리	NNB
관점지향	NNB
교양	NNB
교육	NNB
구글	NNB
구글 뉴스	NNB
구글 앱 엔진	NNB
구글클라우드	NNB
구매	NNB
구성	NNB
구성요소	NNB
구축	NNB
구현	NNB
궁합	NNB
궤도차량	NNB
그라스하퍼	NNB
그래픽	NNB
그래픽 디자인	NNB
그로스 해킹	NNB
그로스해킹	NNB
그림	NNB
금융	NNB
금융데이터	NNB
기능	NNB
기록예측	NNB
기반	NNB
기법	NNB
기본	NNB
기본기	NNB
기본편	NNB
기상정보	NNB
기술	NNB
기술면접	NNB
기초	NNB
기초통계	NNB
기타	NNB
기획	NNB
기획서	NNB
꿀팁	NNB
난독화	NNB
넘파이	NNB
네이티브	NNB
네트워크	NNB
네트워크 보안	NNB
노드	NNB
노션	NNB
노코드	NNB
논문	NNB
농장	NNB
눈	NNB
뉴스	NNB
능력	NNB
다시보기	NNB
닮은	NNB
대방	NNB
대형 구조	NNB
댑	NNB
데노	NNB
데브옵스	NNB
데스크탑앱	NNB
데스크톱 앱 개발	NNB
데이터	NNB
데이터 리터러시	NNB
데이터 모델링	NNB
데이터 변환	NNB
데이터 분석	NNB
데이터 사이언스	NNB
데이터 수집	NNB
데이터 시각화	NNB
데이터 엔지니어링	NNB
데이터 이언스	NNB
데이터 집계	NNB
데이터관리	NNB
데이터리안	NNB
데이터베이스	NNB
데이터베이스 설계	NNB
데이터시각화	NNB
도메인	NNB
도서관리	NNB
도커	NNB
동기	NNB
동시성	NNB
드로잉	NNB
드론	NNB
드론 개발	NNB
디스코드	NNB
디스패치큐	NNB
디앱	NNB
디자이너	NNB
디자인	NNB
디자인 패턴	NNB
디자인편	NNB
디지털	NNB
디지털 리터러시	NNB
디지털 마케팅	NNB
디지털마케팅	NNB
디지털트랜스포메이션	NNB
디지털포렌식	NNB
디파이	NNB
디펜스게임	NNB
딥다이브	NNB
딥러닝	NNB
라이노	NNB
라이브 준비	NNB
라이브러리	NNB
라즈베리파이	NNB
랜딩	NNB
랭킹	NNB
런칭	NNB
레나	NNB
레딧	NNB
레이아웃	NNB
로그	NNB
로그인	NNB
로그프레소	NNB
로드맵	NNB
로블록스	NNB
루팅	NNB
리깅	NNB
리눅스	NNB
리버싱	NNB
리액트	NNB
리액트 훅	NNB
리터러시	NNB
리팩토링	NNB
리플릿	NNB
마라톤	NNB
마리아디비	NNB
마스터	NNB
마우이	NNB
마이닝	NNB
마이크로넛	NNB
마이크로서비스	NNB
마인크래프트	NNB
마케터	NNB
마케팅	NNB
마켓플레이스	NNB
마크다운	NNB
만들기	NNB
만세력	NNB
매각	NNB
매크로	NNB
매핑	NNB
맥	NNB
머신러닝	NNB
멀티스레딩	NNB
멀티프로세싱	NNB
멀티플랫폼	NNB
메뉴	NNB
메모	NNB
메모리	NNB
메신져	NNB
메일	NNB
메타버스	NNB
메타스플로잇	NNB
면접	NNB
명령어	NNB
명함	NNB
명함인식	NNB
모니터링	NNB
모던	NNB
모델링	NNB
모듈식	NNB
모바일	NNB
모바일 게임	NNB
모바일 디자인	NNB
모바일 앱	NNB
모바일 앱 개발	NNB
모의고사	NNB
모의해킹	NNB
몸값	NNB
몽고 DB	NNB
몽고DB	NNB
무료	NNB
무료계정	NNB
무차별대입공격	NNB
문법	NNB
문서	NNB
문제	NNB
문제풀이	NNB
물체	NNB
미국	NNB
미적분	NNB
바닐라	NNB
반응	NNB
반응형	NNB
반응형 웹	NNB
방법론	NNB
방치형	NNB
배민	NNB
배치	NNB
배포	NNB
백엔드	NNB
버그헌팅	NNB
버전관리시스템	NNB
버프스위트	NNB
법규	NNB
베이그런트	NNB
벽돌깨기	NNB
병렬 처리	NNB
병렬처리	NNB
보안	NNB
보안강화	NNB
보안전문가	NNB
보호	NNB
부동산	NNB
부트스트랩	NNB
부트캠프	NNB
분석	NNB
분석기사	NNB
불량품	NNB
블렌더	NNB
블로그	NNB
블록체인	NNB
블록코딩	NNB
블루프린트	NNB
비동기	NNB
비박스	NNB
비전	NNB
비전공자	NNB
비즈니스 애널리틱스	NNB
비즈니스애널리틱스	NNB
빅데이터	NNB
빅데이터분석기사	NNB
빅분기	NNB
사물인터넷	NNB
사용	NNB
사용메뉴얼	NNB
사용자	NNB
사용자교육	NNB
사이언스	NNB
사이트	NNB
사주	NNB
사회공학	NNB
산업	NNB
산점도	NNB
상태관리	NNB
생성	NNB
생존게임	NNB
생활코딩	NNB
서버	NNB
서버 운영	NNB
서버리스	NNB
서비스	NNB
서비스 기획	NNB
선수	NNB
선형대수	NNB
선형대수학	NNB
설계	NNB
설문조사	NNB
설정앱	NNB
성능	NNB
세미나	NNB
셀레니움	NNB
소스트리	NNB
소음	NNB
소인수 분해	NNB
소프트웨어	NNB
소프트웨어 개발	NNB
소프트웨어 테스트	NNB
속성	NNB
솔루션	NNB
솔리디티	NNB
쇼핑몰	NNB
수업	NNB
수집	NNB
수학	NNB
술래잡기	NNB
쉐어드아이티	NNB
쉘 스크립트	NNB
슈팅게임	NNB
스노트	NNB
스도쿠	NNB
스마트계약	NNB
스마트컨트랙트	NNB
스위프트	NNB
스크래치	NNB
스크립트	NNB
스크립팅	NNB
스토어	NNB
스트림즈	NNB
스프레드 시트	NNB
스프링	NNB
스프링 프레임워크	NNB
스프링부트	NNB
시각화	NNB
시간	NNB
시나리오	NNB
시리즈	NNB
시빅해킹	NNB
시설	NNB
시스코	NNB
시스템	NNB
시스템 해킹	NNB
시스템엔지니어	NNB
시작	NNB
시큐리티	NNB
시큐어	NNB
시큐어 코딩	NNB
시큐어코딩	NNB
신입	NNB
신호	NNB
실기	NNB
실무	NNB
실습	NNB
실습자료	NNB
실시간	NNB
실시간 처리	NNB
실적	NNB
실전	NNB
실전편	NNB
심리테스트	NNB
심층	NNB
심화	NNB
쓰기	NNB
아두이노	NNB
아마존	NNB
아비트럼	NNB
아이오닉	NNB
아이폰	NNB
아케이드 게임	NNB
아키텍처	NNB
아트	NNB
아파치	NNB
악성	NNB
악성코드	NNB
안내	NNB
안드로이드	NNB
알고리즘	NNB
알리미	NNB
알터릭스	NNB
암호기술	NNB
암호학	NNB
애니메이션	NNB
애자일	NNB
애저	NNB
애플리케이션	NNB
액션	NNB
앤서블	NNB
앰플리튜드	NNB
앱	NNB
앱 개발	NNB
앱개발	NNB
앵귤러	NNB
야코비안	NNB
양자	NNB
양자 컴퓨팅	NNB
어드벤쳐	NNB
어플리케이션	NNB
언리얼	NNB
언리얼 엔진	NNB
언리얼 엔진4	NNB
언리얼4	NNB
언리얼엔진	NNB
얼굴	NNB
업로드	NNB
업무 생산성	NNB
업무 자동화	NNB
업무자동화	NNB
업적	NNB
없이	NNB
에듀윌	NNB
에디터	NNB
엑셀	NNB
엔지니어	NNB
엔진	NNB
엔터프라이즈	NNB
엔트리	NNB
역기획서	NNB
연계	NNB
연동	NNB
연산	NNB
연예인	NNB
영상인식	NNB
영상제작	NNB
영상처리	NNB
영화	NNB
영화리뷰	NNB
예매	NNB
예제	NNB
예측	NNB
오락실	NNB
오렌지	NNB
오렌지3	NNB
오퍼레이션큐	NNB
오픈	NNB
오픈 데이터	NNB
오픈 소스	NNB
오픈소스	NNB
오픈제펠린	NNB
오피스	NNB
올림피아드	NNB
올인원	NNB
와이어샤크	NNB
완벽	NNB
완전정복	NNB
왕초보	NNB
외국어	NNB
외부	NNB
요구사항	NNB
요약	NNB
용어사전	NNB
우회	NNB
운영	NNB
운영체제	NNB
운영체제론	NNB
워드프레스	NNB
원격	NNB
원격모니터링	NNB
원격제어	NNB
월간	NNB
월드	NNB
월렛	NNB
웨카	NNB
웹	NNB
웹 개발	NNB
웹 개발자	NNB
웹 게임	NNB
웹 디자인	NNB
웹 사이트	NNB
웹 서버	NNB
웹 서비스	NNB
웹 스크래핑	NNB
웹 크롤링	NNB
웹 퍼블리싱	NNB
웹 페이지	NNB
웹 표준	NNB
웹 프로그래밍	NNB
웹 해킹	NNB
웹개발	NNB
웹게임	NNB
웹기술	NNB
웹디자인기능사	NNB
웹브라우저	NNB
웹사이트	NNB
웹서비스	NNB
웹셸	NNB
웹쉘	NNB
웹애플리케이션	NNB
웹앱	NNB
웹채팅	NNB
웹페이지	NNB
웹표준	NNB
웹해킹	NNB
위니브	NNB
윈도우	NNB
윈도우즈	NNB
유니티	NNB
유튜브	NNB
유튜브관리앱	NNB
응용	NNB
응용편	NNB
의료영상	NNB
이더리움	NNB
이력서	NNB
이론	NNB
이름	NNB
이미지	NNB
이미지 처리	NNB
이상징후	NNB
이직	NNB
이펙터	NNB
이펙트	NNB
이해	NNB
인공신경망	NNB
인공지능	NNB
인스타그램	NNB
인스턴스	NNB
인식	NNB
인앱결제	NNB
인젝션	NNB
인증기준	NNB
인증로직	NNB
인증심사원	NNB
인증제도	NNB
인터넷	NNB
인터랙티브	NNB
인터랙티브 웹	NNB
인터렉티브웹	NNB
인터뷰	NNB
인프라	NNB
일주일	NNB
임베디드	NNB
입문	NNB
입문자	NNB
입문편	NNB
자격검정	NNB
자격증	NNB
자동차	NNB
자동화	NNB
자료구조	NNB
자마린	NNB
자마린 폼즈	NNB
자몽톡	NNB
자바	NNB
자바스크립트	NNB
자연어	NNB
자연어 처리	NNB
장고	NNB
장기	NNB
전공면접	NNB
전략	NNB
전문	NNB
전문가	NNB
전자정부 표준프레임워크	NNB
전자정부프레임워크	NNB
전처리	NNB
전투	NNB
전환	NNB
점프 앤 런타워	NNB
정규식	NNB
정규표현식	NNB
정글코딩	NNB
정보	NNB
정보기술	NNB
정보보안	NNB
정보보호	NNB
정보처리기사	NNB
정보처리산업기사	NNB
정보통신	NNB
제어	NNB
제작	NNB
조정	NNB
주변	NNB
주식	NNB
준비	NNB
중급	NNB
중급편	NNB
중등	NNB
중등교육	NNB
증강현실	NNB
증권	NNB
지도	NNB
지도서비스	NNB
지브러시	NNB
지식공유	NNB
직무	NNB
직장인	NNB
진단	NNB
진단통신	NNB
진짜	NNB
집합	NNB
차량 번호판	NNB
차트분석	NNB
창작기획서	NNB
채용	NNB
채팅	NNB
챗봇	NNB
처리	NNB
청와대	NNB
청원	NNB
체제	NNB
초급	NNB
초급편	NNB
초보자	NNB
최신기법	NNB
최적화	NNB
추천 시스템	NNB
축구선수	NNB
출시	NNB
취득	NNB
취약점	NNB
취업	NNB
취업 가이드	NNB
치트엔진	NNB
침투테스트	NNB
침해대응	NNB
침해사고	NNB
카카오톡	NNB
카프카	NNB
캐그	NNB
캐글	NNB
캐릭터	NNB
캐릭터 디자인	NNB
캐시관리	NNB
캐주얼 게임	NNB
캔버스	NNB
커널	NNB
커넥트	NNB
커리어	NNB
커맨드라인	NNB
커뮤니케이션	NNB
커뮤니티	NNB
컨설턴트	NNB
컨슈머	NNB
컨텐츠 구현	NNB
컨트랙트	NNB
컴파일	NNB
컴포넌트	NNB
컴퓨터	NNB
컴퓨터 구조	NNB
컴퓨터 비전	NNB
컴퓨터네트워크	NNB
컴퓨터활용능력	NNB
컴퓨팅	NNB
케라스	NNB
코드	NNB
코드스쿼드	NNB
코딩 테스트	NNB
코딩인터뷰	NNB
코딩테스트	NNB
코루틴	NNB
코인	NNB
코틀린	NNB
콘텐츠 기획	NNB
콘텐츠 제작	NNB
쿠버네티스	NNB
쿼리	NNB
퀀트	NNB
퀘스트	NNB
퀘이사	NNB
크라운	NNB
크롤러	NNB
크롤링	NNB
크루알라모드	NNB
크리에이티브	NNB
클라우드	NNB
클라우드 컴퓨팅	NNB
클래스	NNB
클레이튼	NNB
클론	NNB
클론코딩	NNB
클리커	NNB
클릭커	NNB
클린	NNB
킹덤	NNB
타입스크립트	NNB
탈중앙앱	NNB
탐지	NNB
태블로	NNB
터틀	NNB
턴제	NNB
테라폼	NNB
테스트	NNB
테스트주도개발	NNB
테이블	NNB
테트리스	NNB
텍스트 분석	NNB
텍스트마이닝	NNB
텐서플로	NNB
텔레그램봇	NNB
템플릿	NNB
토큰	NNB
통계	NNB
통신	NNB
투자	NNB
툴	NNB
튜닝	NNB
트러플	NNB
트레이딩룸	NNB
트렌드	NNB
트렐로	NNB
트위터	NNB
파워 피벗	NNB
파워쉘	NNB
파워쿼리	NNB
파이게임	NNB
파이썬	NNB
파이썬봇	NNB
파이어베이스	NNB
파일	NNB
파일시스템	NNB
판다스	NNB
판매	NNB
판별	NNB
패치	NNB
패키지	NNB
패킷	NNB
패킷트레이서	NNB
패턴	NNB
퍼블리싱	NNB
퍼즐	NNB
퍼포먼스 마케팅	NNB
페이지	NNB
포렌식	NNB
포메인	NNB
포워딩	NNB
포트폴리오	NNB
폴리곤	NNB
폼즈	NNB
표준	NNB
풀스택	NNB
풀이	NNB
풀페이지	NNB
프레임워크	NNB
프로그래머	NNB
프로그래밍	NNB
프로그래밍 언어	NNB
프로그램	NNB
프로듀서	NNB
프로메테우스	NNB
프로세스	NNB
프로젝트	NNB
프로토콜	NNB
프로토타이핑	NNB
프로토타입	NNB
프론트 웹	NNB
프론트엔드	NNB
프리다	NNB
플라스크	NNB
플랫폼	NNB
플러터	NNB
플레이 그라운드	NNB
플레이그라운드	NNB
플렉스	NNB
피벗테이블	NNB
핀테크	NNB
필기	NNB
필수	NNB
하드웨어	NNB
하드햇	NNB
하이브리드 앱	NNB
하이퍼캐주얼	NNB
하이퍼캐주얼게임	NNB
학문	NNB
학습	NNB
함수	NNB
함수형	NNB
함수형 프로그래밍	NNB
해설	NNB
해커	NNB
해커톤	NNB
해킹	NNB
해킹 대회	NNB
해킹대회	NNB
핵심	NNB
핵앤슬래쉬 	NNB
행렬	NNB
호스트	NNB
홈페이지	NNB
화이트해커	NNB
환경	NNB
활용	NNB
활용편	NNB
횡스크롤	NNB
훑어보기	NNB
퓨즈	NNB
Fusetools	NNB
어셈블리어	NNB
DOM	NNB
인터랙션	NNB
ARM	NNB
Cortex-M	NNB
유니티	NNB
FPS	NNB
깃	NNB
깃허브	NNB
실리콘벨리	NNB
타이젠	NNB
파이참	NNB
PyCharm	NNB
제로베이스	NNB
스타일링	NNB
스프링 부트	NNB
Flask	NNB
DAX	NNB
Pandas	NNB
iOS9	NNB
오답노트	NNB
한글자막	NNB
Stanford	NNB
현직	NNB
비전공	NNB
Sencha	NNB
ExtJS 6	NNB
웹 어플리케이션	NNB
IUEditor	NNB
로그라이크	NNB
한글	NNB
e커머스	NNB
자소서	NNB
정시퇴근	NNB
행정직	NNB
Database	NNB
pdf	NNB
쿠다	NNB
디스펜서	NNB
쿼터뷰	NNB
tensorflow2.0	NNB
Redmine	NNB
파이토치	NNB
데이팅 앱	NNB
대기업	NNB
LED	NNB
웹퍼블리셔	NNB
웹 앱	NNB
Coin	NNB
우커머스	NNB
E2E	NNB
경영	NNB
의사결정	NNB
github	NNB
핸즈온	NNB
호주	NNB
마모셋	NNB
툴백	NNB
marmoset	NNB
toolbag	NNB
AZ-900	NNB
지분증명	NNB
Proof of Stake	NNB
스파크	NNB
투잡	NNB
퍼블리셔	NNB
flutter	NNB
css	NNB
html	NNB
Prisma	NNB
postgreSQL	NNB
nestjs	NNB
비트코인	NNB
DDD	NNB
오프라인	NNB
web	NNB
네트워크 모델	NNB
네카라쿠배	NNB
IOS앱	NNB
HowlTalk	NNB
ISMS-P	NNB
동시성이슈	NNB
블록체인3.0	NNB
DATABASE	NNB
Ionic3	NNB
Email	NNB
Password	NNB
SQLAlchemy	NNB
webpack	NNB
babel	NNB
eslint	NNB
Computer Vision	NNB
MYSQL	NNB
네이버쇼핑검색	NNB
ML Agents	NNB
에이전트	NNB
비개발자	NNB
iOS15	NNB
Purchase	NNB
IOS	NNB
애플	NNB
스프레드시트	NNB
BOOTSTRAP	NNB
카카오	NNB
강의평가	NNB
이펙티브	NNB
three.js	NNB
서버 연동	NNB
Vue3	NNB
환경설정	NNB
Razor Pages	NNB
멤버십	NNB
python	NNB
ADO	NNB
카타나제로	NNB
오라클	NNB
xcode	NNB
swift	NNB
Command Line	NNB
To Do	NNB
S전자	NNB
clone	NNB
Games	NNB
Shodan	NNB
Censys	NNB
키오스크	NNB
루커 스튜디오	NNB
server	NNB
모의침투	NNB
iOS9	NNB
Swift2	NNB
PC정비사	NNB
DevGround	NNB
GSAP	NNB
원트소프트	NNB
준전문가	NNB
Message	NNB
ionic 3	NNB
부트스트랩 5	NNB
nginx	NNB
HTTPS	NNB
HowlTalk	NNB
디스크 포렌식	NNB
AZ-900	NNB
XE3	NNB
Glide	NNB
병렬성	NNB
3DS	NNB
JoyWins	NNB
Crawling	NNB
버전 관리	NNB
.Net	NNB
ISMS-P	NNB
시니어	NNB
실리콘밸리	NNB
Webflow	NNB
웹플로우	NNB
ionic2	NNB